[
    {
        "angle":0,
        "tex":"A30.png"
    },
    {
        "angle":15,
        "tex":"A45.png"
    },    
    {
        "angle":35,
        "tex":"A65.png"
    },
    {
        "angle":50,
        "tex":"A80.png"
    },
    {
        "angle":55,
        "tex":"A85.png"
    },
    {
        "angle":60,
        "tex":"A90.png"
    },
    {
        "angle":65,
        "tex":"A95.png"
    },
    {
        "angle":75,
        "tex":"A105.png"
    },
    {
        "angle":85,
        "tex":"A115.png"
    },
    {
        "angle":95,
        "tex":"A125.png"
    },
    {
        "angle":105,
        "tex":"A135.png"
    },
    {
        "angle":125,
        "tex":"A155.png"
    },
    {
        "angle":140,
        "tex":"A170.png"
    },
    {
        "angle":150,
        "tex":"A180.png"
    },
    {
        "angle":160,
        "tex":"A190.png"
    },
    {
        "angle":170,
        "tex":"A200.png"
    },
    {
        "angle":185,
        "tex":"A215.png"
    },
    {
        "angle":200,
        "tex":"A230.png"
    },
    {
        "angle":210,
        "tex":"A240.png"
    },
    {
        "angle":220,
        "tex":"A250.png"
    },
    {
        "angle":230,
        "tex":"A260.png"
    },
    {
        "angle":240,
        "tex":"A270.png"
    },
    {
        "angle":245,
        "tex":"A275.png"
    },
    {
        "angle":255,
        "tex":"A285.png"
    },
    {
        "angle":265,
        "tex":"A295.png"
    },
    {
        "angle":275,
        "tex":"A305.png"
    },
    {
        "angle":285,
        "tex":"A315.png"
    },
    {
        "angle":320,
        "tex":"A350.png"
    },
    {
        "angle":330,
        "tex":"A0.png"
    },
    {
        "angle":340,
        "tex":"A10.png"
    }
]